"lhs","rhs","support","confidence","lift","chiSquare"
"A10_Drugs_used_in_diabetes","X250_Diabetis_mellitus",0.0186158563293912,0.930656934306569,26.725657622917,6675.94616474152
"C09_Agents_acting_on_the_renin.angiotensin_system","X401_Hipertensio_essencial",0.0821287779237845,0.948566610455312,6.25889471580774,6414.31886786032
"R03_Anti.asthmatics","X493_Asma",0.0216819973718791,0.825,15.6521468144044,4416.39422735994
"X401_Hipertensio_essencial,A10_Drugs_used_in_diabetes","X250_Diabetis_mellitus",0.00985545335085414,0.950704225352113,27.301355301621,3581.16454530857
"X272_Trastorns_del_metabolisme_dels_lipids,A10_Drugs_used_in_diabetes","X250_Diabetis_mellitus",0.00868739962038254,0.959677419354839,27.5590383444918,3184.56243513283
"X401_Hipertensio_essencial,S01_Ophthalmologicals","X365_Glaucoma",0.0014600671630895,0.666666666666667,154.779661016949,3075.67701562896
"C10_Lipid_modifying_agents","X272_Trastorns_del_metabolisme_dels_lipids",0.0611038107752957,0.798664122137405,4.55837547709924,3052.39782557473
"X995_Determinades_reaccions_adverses_no_classificades_a_cap_altre_lloc,R03_Anti.asthmatics","X493_Asma",0.0146736749890495,0.841004184100418,15.9557829831129,3027.31030846296
"A10_Drugs_used_in_diabetes,C10_Lipid_modifying_agents","X250_Diabetis_mellitus",0.00766535260621989,0.9375,26.9221698113208,2737.66529586733
"A10_Drugs_used_in_diabetes,C09_Agents_acting_on_the_renin.angiotensin_system","X250_Diabetis_mellitus",0.00693531902467513,0.922330097087379,26.4865359956036,2432.15289568328
"A12_Mineral_supplements","X733_Altres_trastorns_de_l.os_i_el_cartilag",0.00941743320192729,0.651515151515151,19.0693473193473,2320.38219332731
"X272_Trastorns_del_metabolisme_dels_lipids,C09_Agents_acting_on_the_renin.angiotensin_system","X401_Hipertensio_essencial",0.0281062928894729,0.967336683417085,6.38274464809597,2121.49800004837
"M05_Drugs_for_treatment_of_bone_diseases","X733_Altres_trastorns_de_l.os_i_el_cartilag",0.00554825521974011,0.883720930232558,25.865831842576,1892.89126147458
"R06_Antihistamines_for_systemic_use","X995_Determinades_reaccions_adverses_no_classificades_a_cap_altre_lloc",0.0323404876624325,0.856866537717602,5.18663624995833,1863.70937081949
"X472_Faringitis_i_rinofaringitis_croniques,R03_Anti.asthmatics","X493_Asma",0.00759234924806541,0.888888888888889,16.8642659279778,1652.52332253376
"L02_Endocrine_therapy","X199_Neoplasia_maligna_de_localitzacio_no_especificada",0.00240911081909768,0.916666666666667,42.564406779661,1372.48799059249
"C09_Agents_acting_on_the_renin.angiotensin_system,C10_Lipid_modifying_agents","X401_Hipertensio_essencial",0.0189078697620091,0.921708185053381,6.08167568345916,1323.33082619312
"R01_Nasal_preparations","X472_Faringitis_i_rinofaringitis_croniques",0.0108775003650168,0.730392156862745,9.60164276843175,1261.48090336166
"X995_Determinades_reaccions_adverses_no_classificades_a_cap_altre_lloc,A10_Drugs_used_in_diabetes","X250_Diabetis_mellitus",0.00335815447510585,0.958333333333333,27.5204402515723,1222.3097619177
"X401_Hipertensio_essencial,C10_Lipid_modifying_agents","X272_Trastorns_del_metabolisme_dels_lipids",0.0228500511023507,0.828042328042328,4.72605158730159,1146.4421239045
"A12_Mineral_supplements,M05_Drugs_for_treatment_of_bone_diseases","X733_Altres_trastorns_de_l.os_i_el_cartilag",0.00277412760987005,0.95,27.8057692307692,1019.70043041347
"R03_Anti.asthmatics,R06_Antihistamines_for_systemic_use","X493_Asma",0.00511023507081326,0.813953488372093,15.4425690910262,1004.42830108242
"C03_Diuretics","X401_Hipertensio_essencial",0.0157687253613666,0.847058823529412,5.58911934716083,977.476502995257
"X995_Determinades_reaccions_adverses_no_classificades_a_cap_altre_lloc,C09_Agents_acting_on_the_renin.angiotensin_system","X401_Hipertensio_essencial",0.0127025843188787,0.972067039106145,6.41395679271483,949.60211627425
"X995_Determinades_reaccions_adverses_no_classificades_a_cap_altre_lloc,R01_Nasal_preparations","X472_Faringitis_i_rinofaringitis_croniques",0.00773835596437436,0.726027397260274,9.54426419162306,887.007341426573
"D07_Corticosteroids_dermatological_preparations","X692_Dermatitis_de_contacte_i_altres_eczemes",0.00481822163819536,0.628571428571429,13.6886668180786,819.919884572394
"D05_Antipsoriatics","X696_Psoriasi_i_trastorns_semblants",0.00240911081909768,0.942857142857143,25.7276038702334,816.215086550106
"C09_Agents_acting_on_the_renin.angiotensin_system,C10_Lipid_modifying_agents","X272_Trastorns_del_metabolisme_dels_lipids",0.0162797488684479,0.793594306049822,4.52943950177936,759.152833584844
"X311_Trastorn_depressiu_no_classificat_a_cap_altre_lloc,A10_Drugs_used_in_diabetes","X250_Diabetis_mellitus",0.00197109067017083,0.964285714285714,27.6913746630728,721.178274928292
"C07_Beta_blocking_agents","X401_Hipertensio_essencial",0.0143816615564316,0.732342007434944,4.83218729183231,719.789817846734
"X272_Trastorns_del_metabolisme_dels_lipids,R03_Anti.asthmatics","X493_Asma",0.00386917798218718,0.768115942028985,14.572925448633,710.862409231761
"X472_Faringitis_i_rinofaringitis_croniques,R06_Antihistamines_for_systemic_use","X995_Determinades_reaccions_adverses_no_classificades_a_cap_altre_lloc",0.0132866111841145,0.823529411764706,4.98484572795092,705.874701628302
"A10_Drugs_used_in_diabetes,N06_Psychoanaleptics","X250_Diabetis_mellitus",0.00211709738647978,0.878787878787879,25.2361349342481,701.03913537534
"A10_Drugs_used_in_diabetes,B01_Antithrombotic_agents","X250_Diabetis_mellitus",0.00182508395386188,1,28.7169811320755,694.191486043973
"A12_Mineral_supplements,G03_Sex_hormones_and_modulators_of_the_genital_system","X733_Altres_trastorns_de_l.os_i_el_cartilag",0.00248211417725215,0.723404255319149,21.1734860883797,678.951056331572
"R01_Nasal_preparations,R06_Antihistamines_for_systemic_use","X472_Faringitis_i_rinofaringitis_croniques",0.00503723171265878,0.831325301204819,10.9284970977962,677.728716437685
"C08_Calcium_channel_blockers","X401_Hipertensio_essencial",0.00949043656008176,0.935251798561151,6.17104004657546,670.728224085085
"R01_Nasal_preparations,R03_Anti.asthmatics","X493_Asma",0.00313914440064243,0.877551020408163,16.649160495223,670.086484024962
"R03_Anti.asthmatics","X995_Determinades_reaccions_adverses_no_classificades_a_cap_altre_lloc",0.0174478025989196,0.663888888888889,4.01853733981441,666.66927421604
"G03_Sex_hormones_and_modulators_of_the_genital_system,R03_Anti.asthmatics","X493_Asma",0.00335815447510585,0.821428571428571,15.5843886030867,665.487587692203
"X569_Altres_trastorns_d.intesti,A10_Drugs_used_in_diabetes","X250_Diabetis_mellitus",0.00160607387939845,1,28.7169811320755,610.754501757658
"X401_Hipertensio_essencial,R03_Anti.asthmatics","X493_Asma",0.00328515111695138,0.775862068965517,14.7198872862738,610.053935066251
"X346_Migranya,C09_Agents_acting_on_the_renin.angiotensin_system","X401_Hipertensio_essencial",0.00803036939699226,0.964912280701754,6.36674779434134,591.429783751942
"A02_Drugs_for_acid_related_disorders,A10_Drugs_used_in_diabetes","X250_Diabetis_mellitus",0.00160607387939845,0.956521739130435,27.4684167350287,582.327988752871
"X250_Diabetis_mellitus,C09_Agents_acting_on_the_renin.angiotensin_system","X401_Hipertensio_essencial",0.00817637611330121,0.941176470588235,6.21013260795648,582.076903656911
"C09_Agents_acting_on_the_renin.angiotensin_system,N06_Psychoanaleptics","X401_Hipertensio_essencial",0.00824937947145569,0.933884297520661,6.16201691109731,581.064092067156
"C09_Agents_acting_on_the_renin.angiotensin_system,G03_Sex_hormones_and_modulators_of_the_genital_system","X401_Hipertensio_essencial",0.00766535260621989,0.981308411214953,6.47493382313219,577.422567396551
"X493_Asma,R03_Anti.asthmatics","X995_Determinades_reaccions_adverses_no_classificades_a_cap_altre_lloc",0.0146736749890495,0.676767676767677,4.09649298999719,576.056380552568
"X272_Trastorns_del_metabolisme_dels_lipids,A12_Mineral_supplements","X733_Altres_trastorns_de_l.os_i_el_cartilag",0.0023361074609432,0.64,18.7323076923077,558.180523276422
"X472_Faringitis_i_rinofaringitis_croniques,A10_Drugs_used_in_diabetes","X250_Diabetis_mellitus",0.0014600671630895,1,28.7169811320755,555.150179188726
"A10_Drugs_used_in_diabetes,N02_Analgesics","X250_Diabetis_mellitus",0.0014600671630895,0.952380952380952,27.3495058400719,526.847147726403
"A10_Drugs_used_in_diabetes,N05_Psycholeptics","X250_Diabetis_mellitus",0.0014600671630895,0.952380952380952,27.3495058400719,526.847147726403
"N06_Psychoanaleptics,R03_Anti.asthmatics","X493_Asma",0.00248211417725215,0.871794871794872,16.5399531216706,525.531355801058
"X472_Faringitis_i_rinofaringitis_croniques,C09_Agents_acting_on_the_renin.angiotensin_system","X401_Hipertensio_essencial",0.00664330559205723,1,6.59826589595376,512.849210560189
"A10_Drugs_used_in_diabetes,C03_Diuretics","X250_Diabetis_mellitus",0.00153307052124398,0.875,25.127358490566,504.947767098447
"X995_Determinades_reaccions_adverses_no_classificades_a_cap_altre_lloc,C10_Lipid_modifying_agents","X272_Trastorns_del_metabolisme_dels_lipids",0.0102204701416265,0.823529411764706,4.70029411764706,500.673552141514
"A10_Drugs_used_in_diabetes,C09_Agents_acting_on_the_renin.angiotensin_system","X401_Hipertensio_essencial",0.00693531902467513,0.922330097087379,6.08577922442337,479.486804046706
"X493_Asma,R06_Antihistamines_for_systemic_use","X995_Determinades_reaccions_adverses_no_classificades_a_cap_altre_lloc",0.00744634253175646,0.944444444444444,5.7167476800707,479.286431817117
"X493_Asma,R06_Antihistamines_for_systemic_use","X472_Faringitis_i_rinofaringitis_croniques",0.00496422835450431,0.62962962962963,8.27703134996801,474.614721813279
"X311_Trastorn_depressiu_no_classificat_a_cap_altre_lloc,R03_Anti.asthmatics","X493_Asma",0.00211709738647978,0.90625,17.1936461218837,468.005948806321
"X692_Dermatitis_de_contacte_i_altres_eczemes,R03_Anti.asthmatics","X493_Asma",0.0020440940283253,0.933333333333333,17.7074792243767,466.972888110353
"G03_Sex_hormones_and_modulators_of_the_genital_system,N02_Analgesics","X346_Migranya",0.00576726529420353,0.626984126984127,7.20505752636625,466.695175520147
"C09_Agents_acting_on_the_renin.angiotensin_system,N05_Psycholeptics","X401_Hipertensio_essencial",0.00642429551759381,0.946236559139785,6.24352041767667,459.868824974986
"X493_Asma,R01_Nasal_preparations","X472_Faringitis_i_rinofaringitis_croniques",0.00350416119141481,0.813559322033898,10.6949477861999,458.55226804603
"R01_Nasal_preparations","X995_Determinades_reaccions_adverses_no_classificades_a_cap_altre_lloc",0.0106584902905534,0.715686274509804,4.33206831119545,455.011948433131
"X714_Artritis_reumatoide_i_altres_poliartropaties_inflamatories,A10_Drugs_used_in_diabetes","X250_Diabetis_mellitus",0.0011680537304716,1,28.7169811320755,443.990302642502
"X472_Faringitis_i_rinofaringitis_croniques,R03_Anti.asthmatics","X995_Determinades_reaccions_adverses_no_classificades_a_cap_altre_lloc",0.00751934588991094,0.88034188034188,5.32873313164961,437.604000705603
"C03_Diuretics,C09_Agents_acting_on_the_renin.angiotensin_system","X401_Hipertensio_essencial",0.00584026865235801,0.963855421686747,6.35977435754579,428.506189944482
"X272_Trastorns_del_metabolisme_dels_lipids,M05_Drugs_for_treatment_of_bone_diseases","X733_Altres_trastorns_de_l.os_i_el_cartilag",0.00124105708862608,0.894736842105263,26.1882591093117,427.010669407347
"X346_Migranya,R03_Anti.asthmatics","X493_Asma",0.00211709738647978,0.828571428571429,15.7199050257222,423.04397518559
"X311_Trastorn_depressiu_no_classificat_a_cap_altre_lloc,C09_Agents_acting_on_the_renin.angiotensin_system","X401_Hipertensio_essencial",0.00584026865235801,0.952380952380952,6.2840627580512,421.534489373362
"A10_Drugs_used_in_diabetes,C07_Beta_blocking_agents","X250_Diabetis_mellitus",0.00109505037231713,1,28.7169811320755,416.210488431451
"X995_Determinades_reaccions_adverses_no_classificades_a_cap_altre_lloc,D07_Corticosteroids_dermatological_preparations","X692_Dermatitis_de_contacte_i_altres_eczemes",0.00219010074463425,0.666666666666667,14.5182829888712,397.093648110808
"N05_Psycholeptics,R03_Anti.asthmatics","X493_Asma",0.0017520805957074,0.923076923076923,17.5128915405924,395.221969115182
"X346_Migranya,A12_Mineral_supplements","X733_Altres_trastorns_de_l.os_i_el_cartilag",0.0014600671630895,0.714285714285714,20.9065934065934,393.30238467264
"X346_Migranya,A10_Drugs_used_in_diabetes","X250_Diabetis_mellitus",0.0011680537304716,0.888888888888889,25.5262054507338,391.163539517305
"C08_Calcium_channel_blockers,C09_Agents_acting_on_the_renin.angiotensin_system","X401_Hipertensio_essencial",0.00525624178712221,0.972972972972973,6.41993438525231,390.408066685789
"A10_Drugs_used_in_diabetes,G04_Urologicals","X250_Diabetis_mellitus",0.00102204701416265,1,28.7169811320755,388.434734409557
"A12_Mineral_supplements,C10_Lipid_modifying_agents","X733_Altres_trastorns_de_l.os_i_el_cartilag",0.00160607387939845,0.647058823529412,18.9389140271493,388.004293600885
"C10_Lipid_modifying_agents,N06_Psychoanaleptics","X272_Trastorns_del_metabolisme_dels_lipids",0.00839538618776464,0.793103448275862,4.52663793103448,387.187337399771
"M01_Antiinflammatory_and_antirheumatic_products,R03_Anti.asthmatics","X493_Asma",0.00189808731201635,0.838709677419355,15.9122509159146,384.439874806991
"R03_Anti.asthmatics,R06_Antihistamines_for_systemic_use","X995_Determinades_reaccions_adverses_no_classificades_a_cap_altre_lloc",0.00591327201051248,0.941860465116279,5.7011067835452,378.514298636799
"X472_Faringitis_i_rinofaringitis_croniques,D07_Corticosteroids_dermatological_preparations","X692_Dermatitis_de_contacte_i_altres_eczemes",0.0014600671630895,0.909090909090909,19.797658621188,374.745610498494
"R01_Nasal_preparations,R03_Anti.asthmatics","X472_Faringitis_i_rinofaringitis_croniques",0.00284713096802453,0.795918367346939,10.4630420306318,362.564433651017
"A02_Drugs_for_acid_related_disorders,C09_Agents_acting_on_the_renin.angiotensin_system","X401_Hipertensio_essencial",0.00540224850343116,0.902439024390244,5.95453263781193,361.720678585572
"X472_Faringitis_i_rinofaringitis_croniques,A12_Mineral_supplements","X733_Altres_trastorns_de_l.os_i_el_cartilag",0.0011680537304716,0.8,23.4153846153846,355.994228649382
"X569_Altres_trastorns_d.intesti,C09_Agents_acting_on_the_renin.angiotensin_system","X401_Hipertensio_essencial",0.00503723171265878,0.932432432432432,6.15243711920013,352.82238011
"C09_Agents_acting_on_the_renin.angiotensin_system,N02_Analgesics","X401_Hipertensio_essencial",0.00467221492188641,0.984615384615385,6.49675411293908,352.483004744734
"N02_Analgesics,R03_Anti.asthmatics","X493_Asma",0.00167907723755293,0.851851851851852,16.1615881809788,346.024138258998
"R03_Anti.asthmatics,R06_Antihistamines_for_systemic_use","X472_Faringitis_i_rinofaringitis_croniques",0.00379617462403271,0.604651162790698,7.94866758916217,344.039254751148
"G03_Sex_hormones_and_modulators_of_the_genital_system,R06_Antihistamines_for_systemic_use","X995_Determinades_reaccions_adverses_no_classificades_a_cap_altre_lloc",0.00671630895021171,0.807017543859649,4.88489894643812,343.35405301252
"A10_Drugs_used_in_diabetes,G03_Sex_hormones_and_modulators_of_the_genital_system","X250_Diabetis_mellitus",0.00109505037231713,0.833333333333333,23.9308176100629,341.929619822576
"C09_Agents_acting_on_the_renin.angiotensin_system,R03_Anti.asthmatics","X493_Asma",0.00182508395386188,0.757575757575758,14.3729539158902,329.164144913915
"X272_Trastorns_del_metabolisme_dels_lipids,C03_Diuretics","X401_Hipertensio_essencial",0.00489122499634983,0.905405405405405,5.97410560849867,328.821895393818
"A12_Mineral_supplements,N02_Analgesics","X733_Altres_trastorns_de_l.os_i_el_cartilag",0.00131406044678055,0.666666666666667,19.5128205128205,327.983376653441
"X472_Faringitis_i_rinofaringitis_croniques,R01_Nasal_preparations","X995_Determinades_reaccions_adverses_no_classificades_a_cap_altre_lloc",0.00773835596437436,0.711409395973154,4.30618025012827,325.864932522657
"A11_Vitamins,M05_Drugs_for_treatment_of_bone_diseases","X733_Altres_trastorns_de_l.os_i_el_cartilag",0.00102204701416265,0.823529411764706,24.10407239819,321.404033584556
"X272_Trastorns_del_metabolisme_dels_lipids,C07_Beta_blocking_agents","X401_Hipertensio_essencial",0.00547525186158563,0.815217391304348,5.37902111083187,317.259823615601
"X250_Diabetis_mellitus,C10_Lipid_modifying_agents","X272_Trastorns_del_metabolisme_dels_lipids",0.00686231566652066,0.776859504132231,4.43392561983471,305.794840387642
"X041_Infeccions_bacterianes_en_afeccions_classificades_en_un_altre_lloc_i_de_localitzacio_no_especificada,C09_Agents_acting_on_the_renin.angiotensin_system","X401_Hipertensio_essencial",0.00416119141480508,0.966101694915254,6.37459586558244,305.748791860882
"X995_Determinades_reaccions_adverses_no_classificades_a_cap_altre_lloc,A12_Mineral_supplements","X733_Altres_trastorns_de_l.os_i_el_cartilag",0.00131406044678055,0.620689655172414,18.1671087533157,302.969382630897
"C09_Agents_acting_on_the_renin.angiotensin_system,H03_Thyroid_therapy","X401_Hipertensio_essencial",0.00445320484742298,0.91044776119403,6.00737641273402,301.558242370697
"X472_Faringitis_i_rinofaringitis_croniques,C10_Lipid_modifying_agents","X272_Trastorns_del_metabolisme_dels_lipids",0.00554825521974011,0.883720930232558,5.04383720930233,300.628861533577
"X569_Altres_trastorns_d.intesti,C10_Lipid_modifying_agents","X272_Trastorns_del_metabolisme_dels_lipids",0.00532924514527668,0.901234567901235,5.1437962962963,297.212595547192
"X346_Migranya,C10_Lipid_modifying_agents","X272_Trastorns_del_metabolisme_dels_lipids",0.00569426193604906,0.857142857142857,4.89214285714286,294.797220986264
"A02_Drugs_for_acid_related_disorders,R03_Anti.asthmatics","X493_Asma",0.0014600671630895,0.833333333333333,15.8102493074792,293.422847416029
"G03_Sex_hormones_and_modulators_of_the_genital_system,R01_Nasal_preparations","X472_Faringitis_i_rinofaringitis_croniques",0.00240911081909768,0.767441860465116,10.088693478552,293.364851727392
"C07_Beta_blocking_agents,C09_Agents_acting_on_the_renin.angiotensin_system","X401_Hipertensio_essencial",0.00416119141480508,0.919354838709677,6.06614767853813,285.538075174236
"X493_Asma,C09_Agents_acting_on_the_renin.angiotensin_system","X401_Hipertensio_essencial",0.00386917798218718,0.963636363636364,6.35832895428271,283.214310652046
"R01_Nasal_preparations,R06_Antihistamines_for_systemic_use","X995_Determinades_reaccions_adverses_no_classificades_a_cap_altre_lloc",0.00511023507081326,0.843373493975904,5.10496249247986,278.473824991543
"C09_Agents_acting_on_the_renin.angiotensin_system,M01_Antiinflammatory_and_antirheumatic_products","X401_Hipertensio_essencial",0.00365016790772376,0.980392156862745,6.468888133288,273.485751283488
"C10_Lipid_modifying_agents,G03_Sex_hormones_and_modulators_of_the_genital_system","X272_Trastorns_del_metabolisme_dels_lipids",0.00562125857789458,0.819148936170213,4.67529255319149,271.588822879924
"A12_Mineral_supplements,H03_Thyroid_therapy","X733_Altres_trastorns_de_l.os_i_el_cartilag",0.00109505037231713,0.652173913043478,19.0886287625418,266.658212284678
"X311_Trastorn_depressiu_no_classificat_a_cap_altre_lloc,C10_Lipid_modifying_agents","X272_Trastorns_del_metabolisme_dels_lipids",0.00518323842896773,0.845238095238095,4.82419642857143,262.567371226196
"C09_Agents_acting_on_the_renin.angiotensin_system,G04_Urologicals","X401_Hipertensio_essencial",0.00365016790772376,0.943396226415094,6.22477914712619,259.442932401794
"X692_Dermatitis_de_contacte_i_altres_eczemes,C09_Agents_acting_on_the_renin.angiotensin_system","X401_Hipertensio_essencial",0.00335815447510585,1,6.59826589595376,258.387937823588
"A10_Drugs_used_in_diabetes,C10_Lipid_modifying_agents","X272_Trastorns_del_metabolisme_dels_lipids",0.00613228208497591,0.75,4.280625,258.170387033284
"X692_Dermatitis_de_contacte_i_altres_eczemes,R06_Antihistamines_for_systemic_use","X472_Faringitis_i_rinofaringitis_croniques",0.0026281208935611,0.642857142857143,8.45091856320263,257.014739223416
"X714_Artritis_reumatoide_i_altres_poliartropaties_inflamatories,C09_Agents_acting_on_the_renin.angiotensin_system","X401_Hipertensio_essencial",0.00350416119141481,0.96,6.33433526011561,255.073443522599
"A11_Vitamins,A12_Mineral_supplements","X733_Altres_trastorns_de_l.os_i_el_cartilag",0.00109505037231713,0.625,18.2932692307692,254.339048728649
"C10_Lipid_modifying_agents,N05_Psycholeptics","X272_Trastorns_del_metabolisme_dels_lipids",0.00554825521974011,0.791666666666667,4.5184375,254.23478843422
"X696_Psoriasi_i_trastorns_semblants,C09_Agents_acting_on_the_renin.angiotensin_system","X401_Hipertensio_essencial",0.00357716454956928,0.942307692307692,6.21759670964873,253.829814162161
"A12_Mineral_supplements,N05_Psycholeptics","X733_Altres_trastorns_de_l.os_i_el_cartilag",0.00102204701416265,0.636363636363636,18.6258741258741,242.163167225955
"X272_Trastorns_del_metabolisme_dels_lipids,R06_Antihistamines_for_systemic_use","X995_Determinades_reaccions_adverses_no_classificades_a_cap_altre_lloc",0.00503723171265878,0.775280898876405,4.69279617888157,241.757532819745
"X733_Altres_trastorns_de_l.os_i_el_cartilag,C09_Agents_acting_on_the_renin.angiotensin_system","X401_Hipertensio_essencial",0.0032121477587969,0.977777777777778,6.45163776493256,239.685656966119
"C09_Agents_acting_on_the_renin.angiotensin_system,R06_Antihistamines_for_systemic_use","X401_Hipertensio_essencial",0.00313914440064243,0.977272727272727,6.44830530740935,234.055736800417
"X272_Trastorns_del_metabolisme_dels_lipids,R01_Nasal_preparations","X472_Faringitis_i_rinofaringitis_croniques",0.00197109067017083,0.75,9.85940499040307,233.252197819107
"G02_Other_gynecologicals,R03_Anti.asthmatics","X493_Asma",0.00102204701416265,0.933333333333333,17.7074792243767,233.230484348911
"X493_Asma,R01_Nasal_preparations","X995_Determinades_reaccions_adverses_no_classificades_a_cap_altre_lloc",0.00386917798218718,0.898305084745763,5.43746489211112,230.911142075747
"X692_Dermatitis_de_contacte_i_altres_eczemes,R01_Nasal_preparations","X472_Faringitis_i_rinofaringitis_croniques",0.00160607387939845,0.88,11.5683685220729,230.314089731709
"X346_Migranya,R01_Nasal_preparations","X472_Faringitis_i_rinofaringitis_croniques",0.00189808731201635,0.764705882352941,10.0527266568816,229.979059108864
"X493_Asma,G03_Sex_hormones_and_modulators_of_the_genital_system","X995_Determinades_reaccions_adverses_no_classificades_a_cap_altre_lloc",0.00554825521974011,0.703703703703704,4.2595374871115,228.887357822944
"X346_Migranya,R06_Antihistamines_for_systemic_use","X995_Determinades_reaccions_adverses_no_classificades_a_cap_altre_lloc",0.00408818805665061,0.848484848484849,5.13590165910095,224.507220244935
"X272_Trastorns_del_metabolisme_dels_lipids,C08_Calcium_channel_blockers","X401_Hipertensio_essencial",0.00306614104248795,0.954545454545455,6.29834471886495,221.348630585648
"M01_Antiinflammatory_and_antirheumatic_products,R06_Antihistamines_for_systemic_use","X995_Determinades_reaccions_adverses_no_classificades_a_cap_altre_lloc",0.00438020148926851,0.8,4.84242156429518,220.345444203033
"M01_Antiinflammatory_and_antirheumatic_products,R01_Nasal_preparations","X472_Faringitis_i_rinofaringitis_croniques",0.00153307052124398,0.875,11.5026391554703,218.343852976812
"H03_Thyroid_therapy,R03_Anti.asthmatics","X493_Asma",0.00102204701416265,0.875,16.6007617728532,216.927958627194
"X692_Dermatitis_de_contacte_i_altres_eczemes,R06_Antihistamines_for_systemic_use","X995_Determinades_reaccions_adverses_no_classificades_a_cap_altre_lloc",0.00365016790772376,0.892857142857143,5.40448835300802,215.877042929386
"X272_Trastorns_del_metabolisme_dels_lipids,A10_Drugs_used_in_diabetes","X401_Hipertensio_essencial",0.00562125857789458,0.620967741935484,4.09731027410032,214.430671951885
"A02_Drugs_for_acid_related_disorders,C10_Lipid_modifying_agents","X272_Trastorns_del_metabolisme_dels_lipids",0.00525624178712221,0.727272727272727,4.15090909090909,210.313330288772
"X041_Infeccions_bacterianes_en_afeccions_classificades_en_un_altre_lloc_i_de_localitzacio_no_especificada,C10_Lipid_modifying_agents","X272_Trastorns_del_metabolisme_dels_lipids",0.00365016790772376,0.909090909090909,5.18863636363636,205.80928364022
"C10_Lipid_modifying_agents,R03_Anti.asthmatics","X493_Asma",0.00131406044678055,0.666666666666667,12.6481994459834,204.237083388442
"X401_Hipertensio_essencial,R01_Nasal_preparations","X472_Faringitis_i_rinofaringitis_croniques",0.0017520805957074,0.727272727272727,9.56063514220904,199.592718685925
"X692_Dermatitis_de_contacte_i_altres_eczemes,N02_Analgesics","X346_Migranya",0.0023361074609432,0.653061224489796,7.50472538008492,198.320756878511
"C03_Diuretics,C10_Lipid_modifying_agents","X401_Hipertensio_essencial",0.00313914440064243,0.86,5.67450867052023,195.873899662416
"C10_Lipid_modifying_agents,G04_Urologicals","X272_Trastorns_del_metabolisme_dels_lipids",0.00313914440064243,0.955555555555556,5.45383333333333,190.247596725166
"N05_Psycholeptics,R06_Antihistamines_for_systemic_use","X995_Determinades_reaccions_adverses_no_classificades_a_cap_altre_lloc",0.002920134326179,0.952380952380952,5.76478757654188,189.285966358617
"X244_Hipotiroidisme_adquirit,N06_Psychoanaleptics","X311_Trastorn_depressiu_no_classificat_a_cap_altre_lloc",0.00109505037231713,0.75,13.7530120481928,187.891613778027
"X401_Hipertensio_essencial,R06_Antihistamines_for_systemic_use","X995_Determinades_reaccions_adverses_no_classificades_a_cap_altre_lloc",0.00372317126587823,0.796875,4.82350585505966,186.031184087256
"C10_Lipid_modifying_agents,H03_Thyroid_therapy","X272_Trastorns_del_metabolisme_dels_lipids",0.00401518469849613,0.774647887323944,4.42130281690141,177.463055957076
"C07_Beta_blocking_agents,C10_Lipid_modifying_agents","X272_Trastorns_del_metabolisme_dels_lipids",0.00350416119141481,0.842105263157895,4.80631578947368,176.159112228186
"C09_Agents_acting_on_the_renin.angiotensin_system,M04_Antigout_preparations","X401_Hipertensio_essencial",0.0023361074609432,0.96969696969697,6.39831844456122,172.196747234626
"C09_Agents_acting_on_the_renin.angiotensin_system,R03_Anti.asthmatics","X401_Hipertensio_essencial",0.0023361074609432,0.96969696969697,6.39831844456122,172.196747234626
"C10_Lipid_modifying_agents,M01_Antiinflammatory_and_antirheumatic_products","X272_Trastorns_del_metabolisme_dels_lipids",0.00350416119141481,0.827586206896552,4.72344827586207,171.542251889441
"C07_Beta_blocking_agents,C10_Lipid_modifying_agents","X401_Hipertensio_essencial",0.0032121477587969,0.771929824561403,5.09339823547308,171.316929801176
"X472_Faringitis_i_rinofaringitis_croniques,M01_Antiinflammatory_and_antirheumatic_products","X995_Determinades_reaccions_adverses_no_classificades_a_cap_altre_lloc",0.00496422835450431,0.62962962962963,3.81116512004713,170.248210960987
"X995_Determinades_reaccions_adverses_no_classificades_a_cap_altre_lloc,S01_Ophthalmologicals","X472_Faringitis_i_rinofaringitis_croniques",0.00167907723755293,0.657142857142857,8.63871675349602,168.574237424316
"X493_Asma,N05_Psycholeptics","X995_Determinades_reaccions_adverses_no_classificades_a_cap_altre_lloc",0.00357716454956928,0.765625,4.63434876270437,168.079765498943
"B01_Antithrombotic_agents,C09_Agents_acting_on_the_renin.angiotensin_system","X401_Hipertensio_essencial",0.00255511753540663,0.875,5.77348265895954,163.285349932876
"N02_Analgesics,R01_Nasal_preparations","X472_Faringitis_i_rinofaringitis_croniques",0.00124105708862608,0.80952380952381,10.6418974499589,160.983690277757
"R01_Nasal_preparations,R03_Anti.asthmatics","X995_Determinades_reaccions_adverses_no_classificades_a_cap_altre_lloc",0.00299313768433348,0.836734693877551,5.06477765653323,160.795682155415
"X733_Altres_trastorns_de_l.os_i_el_cartilag,C10_Lipid_modifying_agents","X272_Trastorns_del_metabolisme_dels_lipids",0.00357716454956928,0.777777777777778,4.43916666666667,159.022540014968
"X995_Determinades_reaccions_adverses_no_classificades_a_cap_altre_lloc,C03_Diuretics","X401_Hipertensio_essencial",0.00248211417725215,0.871794871794872,5.75233437083148,157.784130655991
"C03_Diuretics,N06_Psychoanaleptics","X401_Hipertensio_essencial",0.00255511753540663,0.853658536585366,5.63266600874101,157.650070446528
"C10_Lipid_modifying_agents,N02_Analgesics","X272_Trastorns_del_metabolisme_dels_lipids",0.00386917798218718,0.736111111111111,4.20135416666667,157.579018409388
"C08_Calcium_channel_blockers,C10_Lipid_modifying_agents","X401_Hipertensio_essencial",0.00211709738647978,0.966666666666667,6.37832369942196,155.350908982759
"X714_Artritis_reumatoide_i_altres_poliartropaties_inflamatories,C10_Lipid_modifying_agents","X272_Trastorns_del_metabolisme_dels_lipids",0.00328515111695138,0.803571428571429,4.58638392857143,153.635074153189
"C09_Agents_acting_on_the_renin.angiotensin_system,R01_Nasal_preparations","X472_Faringitis_i_rinofaringitis_croniques",0.00124105708862608,0.772727272727273,10.1581748385971,152.163281011867
"X472_Faringitis_i_rinofaringitis_croniques,N05_Psycholeptics","X995_Determinades_reaccions_adverses_no_classificades_a_cap_altre_lloc",0.00394218134034166,0.666666666666667,4.03535130357932,148.568607607563
"N02_Analgesics,R06_Antihistamines_for_systemic_use","X995_Determinades_reaccions_adverses_no_classificades_a_cap_altre_lloc",0.00277412760987005,0.826086956521739,5.00032661530481,146.169917665532
"C09_Agents_acting_on_the_renin.angiotensin_system,R06_Antihistamines_for_systemic_use","X995_Determinades_reaccions_adverses_no_classificades_a_cap_altre_lloc",0.00270112425171558,0.840909090909091,5.09004539428755,146.135113480631
"X692_Dermatitis_de_contacte_i_altres_eczemes,C10_Lipid_modifying_agents","X272_Trastorns_del_metabolisme_dels_lipids",0.00270112425171558,0.880952380952381,5.02803571428571,145.204220774565
"X696_Psoriasi_i_trastorns_semblants,C10_Lipid_modifying_agents","X272_Trastorns_del_metabolisme_dels_lipids",0.00284713096802453,0.847826086956522,4.83896739130435,144.496468024496
"N06_Psychoanaleptics,R01_Nasal_preparations","X472_Faringitis_i_rinofaringitis_croniques",0.00124105708862608,0.739130434782609,9.71651506300593,144.116824988821
"N05_Psycholeptics,R01_Nasal_preparations","X472_Faringitis_i_rinofaringitis_croniques",0.0011680537304716,0.761904761904762,10.0159034823142,140.758739851843
"G02_Other_gynecologicals,N02_Analgesics","X346_Migranya",0.0014600671630895,0.714285714285714,8.20829338446788,138.953477088742
"C09_Agents_acting_on_the_renin.angiotensin_system,N03_Antiepileptics","X401_Hipertensio_essencial",0.00197109067017083,0.931034482758621,6.14321307554315,137.320042147854
"C02_Antihypertensives","X401_Hipertensio_essencial",0.00211709738647978,0.878787878787879,5.7984760903836,136.055033664967
"X493_Asma,C10_Lipid_modifying_agents","X272_Trastorns_del_metabolisme_dels_lipids",0.0026281208935611,0.857142857142857,4.89214285714286,135.572049005005
"C03_Diuretics,C10_Lipid_modifying_agents","X272_Trastorns_del_metabolisme_dels_lipids",0.002920134326179,0.8,4.566,135.559669511686
"N06_Psychoanaleptics,R06_Antihistamines_for_systemic_use","X995_Determinades_reaccions_adverses_no_classificades_a_cap_altre_lloc",0.0026281208935611,0.8,4.84242156429518,131.916764947393
"X199_Neoplasia_maligna_de_localitzacio_no_especificada,C09_Agents_acting_on_the_renin.angiotensin_system","X401_Hipertensio_essencial",0.00189808731201635,0.928571428571429,6.12696118909992,131.738652358095
"X995_Determinades_reaccions_adverses_no_classificades_a_cap_altre_lloc,C08_Calcium_channel_blockers","X401_Hipertensio_essencial",0.0017520805957074,0.96,6.33433526011561,127.303530944066
"X311_Trastorn_depressiu_no_classificat_a_cap_altre_lloc,C03_Diuretics","X401_Hipertensio_essencial",0.0017520805957074,0.96,6.33433526011561,127.303530944066
"C09_Agents_acting_on_the_renin.angiotensin_system,R01_Nasal_preparations","X401_Hipertensio_essencial",0.00160607387939845,1,6.59826589595376,123.359974944504
"G02_Other_gynecologicals,R06_Antihistamines_for_systemic_use","X995_Determinades_reaccions_adverses_no_classificades_a_cap_altre_lloc",0.00211709738647978,0.878787878787879,5.31932671835456,122.135513391395
"A11_Vitamins,C09_Agents_acting_on_the_renin.angiotensin_system","X401_Hipertensio_essencial",0.00153307052124398,1,6.59826589595376,117.744093814306
"X300_Trastorns_d.ansietat._dissociatiu_i_somatomorf,C09_Agents_acting_on_the_renin.angiotensin_system","X401_Hipertensio_essencial",0.00153307052124398,1,6.59826589595376,117.744093814306
"X250_Diabetis_mellitus,C03_Diuretics","X401_Hipertensio_essencial",0.0017520805957074,0.888888888888889,5.86512524084778,114.38133734803
"C10_Lipid_modifying_agents,R06_Antihistamines_for_systemic_use","X995_Determinades_reaccions_adverses_no_classificades_a_cap_altre_lloc",0.00219010074463425,0.810810810810811,4.90785969354242,112.125064208017
"X472_Faringitis_i_rinofaringitis_croniques,A02_Drugs_for_acid_related_disorders","X995_Determinades_reaccions_adverses_no_classificades_a_cap_altre_lloc",0.00328515111695138,0.625,3.78314184710561,110.953330103294
"B01_Antithrombotic_agents,C10_Lipid_modifying_agents","X272_Trastorns_del_metabolisme_dels_lipids",0.00299313768433348,0.694915254237288,3.96622881355932,110.750479188256
"A10_Drugs_used_in_diabetes,C03_Diuretics","X401_Hipertensio_essencial",0.00160607387939845,0.916666666666667,6.04841040462428,109.453237585843
"X346_Migranya,C03_Diuretics","X401_Hipertensio_essencial",0.00189808731201635,0.8125,5.36109104046243,108.968885162846
"X995_Determinades_reaccions_adverses_no_classificades_a_cap_altre_lloc,C07_Beta_blocking_agents","X401_Hipertensio_essencial",0.00189808731201635,0.8125,5.36109104046243,108.968885162846
"C09_Agents_acting_on_the_renin.angiotensin_system,G02_Other_gynecologicals","X401_Hipertensio_essencial",0.00138706380493503,1,6.59826589595376,106.514794839734
"N02_Analgesics,R01_Nasal_preparations","X346_Migranya",0.00109505037231713,0.714285714285714,8.20829338446788,104.161769675538
"A02_Drugs_for_acid_related_disorders,C03_Diuretics","X401_Hipertensio_essencial",0.00153307052124398,0.91304347826087,6.02450364413169,103.894001143096
"A02_Drugs_for_acid_related_disorders,R06_Antihistamines_for_systemic_use","X995_Determinades_reaccions_adverses_no_classificades_a_cap_altre_lloc",0.00219010074463425,0.769230769230769,4.65617458105306,103.467772336235
"C07_Beta_blocking_agents,N06_Psychoanaleptics","X401_Hipertensio_essencial",0.0023361074609432,0.680851063829787,4.49243635469192,102.752886787141
"X041_Infeccions_bacterianes_en_afeccions_classificades_en_un_altre_lloc_i_de_localitzacio_no_especificada,R06_Antihistamines_for_systemic_use","X995_Determinades_reaccions_adverses_no_classificades_a_cap_altre_lloc",0.00189808731201635,0.838709677419355,5.07673228514818,102.192360703817
"X493_Asma,N06_Psychoanaleptics","X995_Determinades_reaccions_adverses_no_classificades_a_cap_altre_lloc",0.0032121477587969,0.602739726027397,3.64839980871555,101.872975628847
"G03_Sex_hormones_and_modulators_of_the_genital_system,R03_Anti.asthmatics","X995_Determinades_reaccions_adverses_no_classificades_a_cap_altre_lloc",0.00270112425171558,0.660714285714286,3.99932138122593,100.106329000251
"C02_Antihypertensives,C09_Agents_acting_on_the_renin.angiotensin_system","X401_Hipertensio_essencial",0.00138706380493503,0.95,6.26835260115607,99.3026192526642
"X272_Trastorns_del_metabolisme_dels_lipids,R03_Anti.asthmatics","X995_Determinades_reaccions_adverses_no_classificades_a_cap_altre_lloc",0.00306614104248795,0.608695652173913,3.6844511902246,98.9012247614124
"C03_Diuretics,G03_Sex_hormones_and_modulators_of_the_genital_system","X401_Hipertensio_essencial",0.00211709738647978,0.707317073170732,4.66706612152827,98.7801472005761
"X493_Asma,G02_Other_gynecologicals","X995_Determinades_reaccions_adverses_no_classificades_a_cap_altre_lloc",0.00197109067017083,0.794117647058823,4.80681552338125,97.7530403341268
"X493_Asma,M01_Antiinflammatory_and_antirheumatic_products","X995_Determinades_reaccions_adverses_no_classificades_a_cap_altre_lloc",0.00255511753540663,0.673076923076923,4.07415275842143,97.6235086075529
"X692_Dermatitis_de_contacte_i_altres_eczemes,R03_Anti.asthmatics","X995_Determinades_reaccions_adverses_no_classificades_a_cap_altre_lloc",0.00182508395386188,0.833333333333333,5.04418912947415,97.316111308517
"C09_Agents_acting_on_the_renin.angiotensin_system,S01_Ophthalmologicals","X401_Hipertensio_essencial",0.00131406044678055,0.947368421052632,6.25098874353514,93.7098118582697
"X311_Trastorn_depressiu_no_classificat_a_cap_altre_lloc,R06_Antihistamines_for_systemic_use","X995_Determinades_reaccions_adverses_no_classificades_a_cap_altre_lloc",0.00182508395386188,0.806451612903226,4.88147335110401,92.6375933435911
"R06_Antihistamines_for_systemic_use,S01_Ophthalmologicals","X995_Determinades_reaccions_adverses_no_classificades_a_cap_altre_lloc",0.00131406044678055,1,6.05302695536898,91.0741621508477
"C10_Lipid_modifying_agents,N03_Antiepileptics","X272_Trastorns_del_metabolisme_dels_lipids",0.0017520805957074,0.857142857142857,4.89214285714286,90.2888027901658
"A12_Mineral_supplements,C09_Agents_acting_on_the_renin.angiotensin_system","X401_Hipertensio_essencial",0.00124105708862608,0.944444444444444,6.23169556840077,88.1200990630241
"C07_Beta_blocking_agents,N05_Psycholeptics","X401_Hipertensio_essencial",0.00189808731201635,0.702702702702703,4.63661927823778,87.6432645769982
"C03_Diuretics,N05_Psycholeptics","X401_Hipertensio_essencial",0.00131406044678055,0.9,5.93843930635838,87.2550310686056
"C10_Lipid_modifying_agents,R06_Antihistamines_for_systemic_use","X272_Trastorns_del_metabolisme_dels_lipids",0.0020440940283253,0.756756756756757,4.31918918918919,86.8260572997647
"C10_Lipid_modifying_agents,R03_Anti.asthmatics","X272_Trastorns_del_metabolisme_dels_lipids",0.00167907723755293,0.851851851851852,4.86194444444444,85.7121438756922
"X272_Trastorns_del_metabolisme_dels_lipids,B01_Antithrombotic_agents","X401_Hipertensio_essencial",0.0023361074609432,0.60377358490566,3.98385865416076,84.6179428407428
"X472_Faringitis_i_rinofaringitis_croniques,S01_Ophthalmologicals","X995_Determinades_reaccions_adverses_no_classificades_a_cap_altre_lloc",0.00167907723755293,0.793103448275862,4.80067655080988,83.0784956761128
"X244_Hipotiroidisme_adquirit,C09_Agents_acting_on_the_renin.angiotensin_system","X401_Hipertensio_essencial",0.0011680537304716,0.941176470588235,6.21013260795648,82.5338819714223
"C03_Diuretics,C08_Calcium_channel_blockers","X401_Hipertensio_essencial",0.0011680537304716,0.941176470588235,6.21013260795648,82.5338819714223
"D07_Corticosteroids_dermatological_preparations,R06_Antihistamines_for_systemic_use","X995_Determinades_reaccions_adverses_no_classificades_a_cap_altre_lloc",0.00124105708862608,0.944444444444444,5.7167476800707,79.355538601299
"N05_Psycholeptics,R03_Anti.asthmatics","X995_Determinades_reaccions_adverses_no_classificades_a_cap_altre_lloc",0.00153307052124398,0.807692307692308,4.88898331010571,77.9684685313323
"X250_Diabetis_mellitus,C07_Beta_blocking_agents","X401_Hipertensio_essencial",0.00138706380493503,0.791666666666667,5.22362716763006,76.6108808126475
"X472_Faringitis_i_rinofaringitis_croniques,C03_Diuretics","X401_Hipertensio_essencial",0.0011680537304716,0.888888888888889,5.86512524084778,76.204057645464
"C03_Diuretics,C07_Beta_blocking_agents","X401_Hipertensio_essencial",0.00131406044678055,0.818181818181818,5.39858118759853,76.1539533374127
"X226_Neoplasia_benigna_de_glandules_tiroides,C09_Agents_acting_on_the_renin.angiotensin_system","X401_Hipertensio_essencial",0.00124105708862608,0.85,5.60852601156069,75.9862692872371
"X401_Hipertensio_essencial,R01_Nasal_preparations","X995_Determinades_reaccions_adverses_no_classificades_a_cap_altre_lloc",0.0017520805957074,0.727272727272727,4.40220142208653,75.7756890602181
"X472_Faringitis_i_rinofaringitis_croniques,B03_Antianemic_preparations","X995_Determinades_reaccions_adverses_no_classificades_a_cap_altre_lloc",0.0011680537304716,0.941176470588235,5.69696654622963,74.314157627111
"G03_Sex_hormones_and_modulators_of_the_genital_system,R01_Nasal_preparations","X995_Determinades_reaccions_adverses_no_classificades_a_cap_altre_lloc",0.0020440940283253,0.651162790697674,3.94150592442631,73.8621173087394
"X696_Psoriasi_i_trastorns_semblants,R06_Antihistamines_for_systemic_use","X995_Determinades_reaccions_adverses_no_classificades_a_cap_altre_lloc",0.00138706380493503,0.826086956521739,5.00032661530481,72.9620371469779
"H03_Thyroid_therapy,R06_Antihistamines_for_systemic_use","X995_Determinades_reaccions_adverses_no_classificades_a_cap_altre_lloc",0.00138706380493503,0.826086956521739,5.00032661530481,72.9620371469779
"A11_Vitamins,C10_Lipid_modifying_agents","X272_Trastorns_del_metabolisme_dels_lipids",0.00153307052124398,0.807692307692308,4.60990384615385,72.1106482471012
"X472_Faringitis_i_rinofaringitis_croniques,C08_Calcium_channel_blockers","X401_Hipertensio_essencial",0.00102204701416265,0.933333333333333,6.15838150289017,71.3740743633268
"X569_Altres_trastorns_d.intesti,C03_Diuretics","X401_Hipertensio_essencial",0.00102204701416265,0.933333333333333,6.15838150289017,71.3740743633268
"X410_Infart_de_miocardi_agut,C09_Agents_acting_on_the_renin.angiotensin_system","X401_Hipertensio_essencial",0.00124105708862608,0.80952380952381,5.34145334434352,70.8112668471466
"C10_Lipid_modifying_agents,G02_Other_gynecologicals","X272_Trastorns_del_metabolisme_dels_lipids",0.00109505037231713,1,5.7075,70.6899090111818
"X041_Infeccions_bacterianes_en_afeccions_classificades_en_un_altre_lloc_i_de_localitzacio_no_especificada,C03_Diuretics","X401_Hipertensio_essencial",0.0011680537304716,0.842105263157895,5.5564344386979,70.5591178956796
"X199_Neoplasia_maligna_de_localitzacio_no_especificada,C10_Lipid_modifying_agents","X272_Trastorns_del_metabolisme_dels_lipids",0.0014600671630895,0.8,4.566,67.6559046842495
"M01_Antiinflammatory_and_antirheumatic_products,R03_Anti.asthmatics","X995_Determinades_reaccions_adverses_no_classificades_a_cap_altre_lloc",0.00160607387939845,0.709677419354839,4.29569654897153,66.7864686675764
"A12_Mineral_supplements,C10_Lipid_modifying_agents","X272_Trastorns_del_metabolisme_dels_lipids",0.0017520805957074,0.705882352941177,4.02882352941177,66.4225948709668
"X244_Hipotiroidisme_adquirit,C10_Lipid_modifying_agents","X272_Trastorns_del_metabolisme_dels_lipids",0.00102204701416265,1,5.7075,65.9724269219526
"X272_Trastorns_del_metabolisme_dels_lipids,R01_Nasal_preparations","X995_Determinades_reaccions_adverses_no_classificades_a_cap_altre_lloc",0.0017520805957074,0.666666666666667,4.03535130357932,65.8130005300082
"B03_Antianemic_preparations,C09_Agents_acting_on_the_renin.angiotensin_system","X401_Hipertensio_essencial",0.00102204701416265,0.875,5.77348265895954,65.1995705125922
"X493_Asma,C03_Diuretics","X401_Hipertensio_essencial",0.00109505037231713,0.833333333333333,5.4985549132948,65.1532523825496
"C08_Calcium_channel_blockers,C10_Lipid_modifying_agents","X272_Trastorns_del_metabolisme_dels_lipids",0.00160607387939845,0.733333333333333,4.1855,64.8094501118319
"C07_Beta_blocking_agents,G03_Sex_hormones_and_modulators_of_the_genital_system","X401_Hipertensio_essencial",0.00167907723755293,0.621621621621622,4.10162474613342,63.7531104908969
"N05_Psycholeptics,R01_Nasal_preparations","X995_Determinades_reaccions_adverses_no_classificades_a_cap_altre_lloc",0.00124105708862608,0.80952380952381,4.9000694400606,63.3109272109898
"X733_Altres_trastorns_de_l.os_i_el_cartilag,R06_Antihistamines_for_systemic_use","X995_Determinades_reaccions_adverses_no_classificades_a_cap_altre_lloc",0.00124105708862608,0.80952380952381,4.9000694400606,63.3109272109898
"C03_Diuretics,N02_Analgesics","X401_Hipertensio_essencial",0.0011680537304716,0.761904761904762,5.02725020644096,60.93254426472
"X493_Asma,N02_Analgesics","X995_Determinades_reaccions_adverses_no_classificades_a_cap_altre_lloc",0.00189808731201635,0.604651162790698,3.65996978696729,60.3998285048172
"X714_Artritis_reumatoide_i_altres_poliartropaties_inflamatories,C07_Beta_blocking_agents","X401_Hipertensio_essencial",0.00102204701416265,0.823529411764706,5.43386603196192,59.7722841280029
"N06_Psychoanaleptics,R03_Anti.asthmatics","X995_Determinades_reaccions_adverses_no_classificades_a_cap_altre_lloc",0.0017520805957074,0.615384615384615,3.72493966484245,57.4731539020575
"A02_Drugs_for_acid_related_disorders,C07_Beta_blocking_agents","X401_Hipertensio_essencial",0.00138706380493503,0.655172413793103,4.32300179390074,57.3226218030751
"C10_Lipid_modifying_agents,M04_Antigout_preparations","X272_Trastorns_del_metabolisme_dels_lipids",0.00153307052124398,0.7,3.99525,57.2992940678158
"X692_Dermatitis_de_contacte_i_altres_eczemes,R01_Nasal_preparations","X995_Determinades_reaccions_adverses_no_classificades_a_cap_altre_lloc",0.00131406044678055,0.72,4.35817940786566,55.8971326153335
"X472_Faringitis_i_rinofaringitis_croniques,C07_Beta_blocking_agents","X401_Hipertensio_essencial",0.00109505037231713,0.75,4.94869942196532,55.7852249325708
"X410_Infart_de_miocardi_agut,C10_Lipid_modifying_agents","X272_Trastorns_del_metabolisme_dels_lipids",0.00138706380493503,0.730769230769231,4.17086538461538,55.6370047363489
"X729_Altres_trastorns_dels_teixits_tous,C10_Lipid_modifying_agents","X272_Trastorns_del_metabolisme_dels_lipids",0.00102204701416265,0.875,4.9940625,54.2833876580131
"C10_Lipid_modifying_agents,S01_Ophthalmologicals","X272_Trastorns_del_metabolisme_dels_lipids",0.00131406044678055,0.72,4.1094,51.4394381705241
"X346_Migranya,R01_Nasal_preparations","X995_Determinades_reaccions_adverses_no_classificades_a_cap_altre_lloc",0.00153307052124398,0.617647058823529,3.73863429596319,50.5911667828077
"X493_Asma,H03_Thyroid_therapy","X995_Determinades_reaccions_adverses_no_classificades_a_cap_altre_lloc",0.00138706380493503,0.655172413793103,3.96577628110381,50.5875418197057
"X472_Faringitis_i_rinofaringitis_croniques,D07_Corticosteroids_dermatological_preparations","X995_Determinades_reaccions_adverses_no_classificades_a_cap_altre_lloc",0.0011680537304716,0.727272727272727,4.40220142208653,50.4764936632485
"C09_Agents_acting_on_the_renin.angiotensin_system,R01_Nasal_preparations","X995_Determinades_reaccions_adverses_no_classificades_a_cap_altre_lloc",0.0011680537304716,0.727272727272727,4.40220142208653,50.4764936632485
"X300_Trastorns_d.ansietat._dissociatiu_i_somatomorf,C10_Lipid_modifying_agents","X272_Trastorns_del_metabolisme_dels_lipids",0.0011680537304716,0.761904761904762,4.34857142857143,50.0973110181277
"B01_Antithrombotic_agents,C07_Beta_blocking_agents","X401_Hipertensio_essencial",0.00124105708862608,0.62962962962963,4.15446371226718,48.0859491052458
"X250_Diabetis_mellitus,B01_Antithrombotic_agents","X401_Hipertensio_essencial",0.00124105708862608,0.62962962962963,4.15446371226718,48.0859491052458
"X250_Diabetis_mellitus,N05_Psycholeptics","X401_Hipertensio_essencial",0.00124105708862608,0.62962962962963,4.15446371226718,48.0859491052458
"X250_Diabetis_mellitus,C07_Beta_blocking_agents","X272_Trastorns_del_metabolisme_dels_lipids",0.00124105708862608,0.708333333333333,4.0428125,47.2860331884093
"N06_Psychoanaleptics,R01_Nasal_preparations","X995_Determinades_reaccions_adverses_no_classificades_a_cap_altre_lloc",0.0011680537304716,0.695652173913043,4.21080136025668,47.0037951077993
"X226_Neoplasia_benigna_de_glandules_tiroides,C10_Lipid_modifying_agents","X272_Trastorns_del_metabolisme_dels_lipids",0.00153307052124398,0.617647058823529,3.52522058823529,46.1707085974492
"X569_Altres_trastorns_d.intesti,C07_Beta_blocking_agents","X401_Hipertensio_essencial",0.00124105708862608,0.607142857142857,4.00609000825764,45.2894573292456
"X311_Trastorn_depressiu_no_classificat_a_cap_altre_lloc,A10_Drugs_used_in_diabetes","X401_Hipertensio_essencial",0.00124105708862608,0.607142857142857,4.00609000825764,45.2894573292456
"A10_Drugs_used_in_diabetes,N05_Psycholeptics","X401_Hipertensio_essencial",0.00102204701416265,0.666666666666667,4.39884393063584,43.4004800911025
"B01_Antithrombotic_agents,C07_Beta_blocking_agents","X272_Trastorns_del_metabolisme_dels_lipids",0.00124105708862608,0.62962962962963,3.59361111111111,38.6580577155056
"M01_Antiinflammatory_and_antirheumatic_products,R01_Nasal_preparations","X995_Determinades_reaccions_adverses_no_classificades_a_cap_altre_lloc",0.00109505037231713,0.625,3.78314184710561,36.8546164494049
